"Dates","Queue","ChatsConnected","Hot Leads","Invites Accepted","Interactive Chats","Invites Offered"
"01-03-2016 00:00","optus-CMR-Mobile-New","4","129","4","4","127"
"01-03-2016 01:00","optus-CMR-Mobile-New","0","69","0","0","27"
"01-03-2016 02:00","optus-CMR-Mobile-New","0","54","1","0","7"
"01-03-2016 03:00","optus-CMR-Mobile-New","0","37","0","0","19"
"01-03-2016 04:00","optus-CMR-Mobile-New","0","45","0","0","0"
"01-03-2016 05:00","optus-CMR-Mobile-New","0","75","1","0","55"
"01-03-2016 06:00","optus-CMR-Mobile-New","6","161","7","6","149"
"01-03-2016 07:00","optus-CMR-Mobile-New","4","366","3","2","93"
"01-03-2016 08:00","optus-CMR-Mobile-New","21","667","23","20","466"
"01-03-2016 09:00","optus-CMR-Mobile-New","19","871","21","18","606"
"01-03-2016 10:00","optus-CMR-Mobile-New","22","954","28","18","610"
"01-03-2016 11:00","optus-CMR-Mobile-New","18","961","20","15","446"
"01-03-2016 12:00","optus-CMR-Mobile-New","6","1043","6","6","229"
"01-03-2016 13:00","optus-CMR-Mobile-New","25","996","28","19","542"
"01-03-2016 14:00","optus-CMR-Mobile-New","46","937","49","39","850"
"01-03-2016 15:00","optus-CMR-Mobile-New","48","901","51","42","831"
"01-03-2016 16:00","optus-CMR-Mobile-New","25","775","27","23","512"
"01-03-2016 17:00","optus-CMR-Mobile-New","12","687","11","9","350"
"01-03-2016 18:00","optus-CMR-Mobile-New","13","612","16","11","315"
"01-03-2016 19:00","optus-CMR-Mobile-New","3","580","4","4","87"
"01-03-2016 20:00","optus-CMR-Mobile-New","12","629","16","12","327"
"01-03-2016 21:00","optus-CMR-Mobile-New","1","555","2","0","40"
"01-03-2016 22:00","optus-CMR-Mobile-New","6","429","7","6","218"
"01-03-2016 23:00","optus-CMR-Mobile-New","3","282","2","1","94"
"02-03-2016 00:00","optus-CMR-Mobile-New","3","164","5","3","127"
"02-03-2016 01:00","optus-CMR-Mobile-New","2","79","1","2","7"
"02-03-2016 02:00","optus-CMR-Mobile-New","1","55","1","1","10"
"02-03-2016 03:00","optus-CMR-Mobile-New","0","41","0","0","0"
"02-03-2016 04:00","optus-CMR-Mobile-New","0","45","1","0","6"
"02-03-2016 05:00","optus-CMR-Mobile-New","0","81","0","0","25"
"02-03-2016 06:00","optus-CMR-Mobile-New","1","179","1","1","45"
"02-03-2016 07:00","optus-CMR-Mobile-New","2","393","3","2","34"
"02-03-2016 08:00","optus-CMR-Mobile-New","22","713","24","22","449"
"02-03-2016 09:00","optus-CMR-Mobile-New","6","881","11","6","360"
"02-03-2016 10:00","optus-CMR-Mobile-New","21","920","24","16","556"
"02-03-2016 11:00","optus-CMR-Mobile-New","18","1038","24","17","476"
"02-03-2016 12:00","optus-CMR-Mobile-New","9","1047","12","8","330"
"02-03-2016 13:00","optus-CMR-Mobile-New","9","1006","12","7","374"
"02-03-2016 14:00","optus-CMR-Mobile-New","37","954","42","33","742"
"02-03-2016 15:00","optus-CMR-Mobile-New","44","986","49","40","807"
"02-03-2016 16:00","optus-CMR-Mobile-New","19","722","19","15","413"
"02-03-2016 17:00","optus-CMR-Mobile-New","9","716","13","9","286"
"02-03-2016 18:00","optus-CMR-Mobile-New","1","596","3","1","80"
"02-03-2016 19:00","optus-CMR-Mobile-New","1","627","2","1","179"
"02-03-2016 20:00","optus-CMR-Mobile-New","7","601","9","5","192"
"02-03-2016 21:00","optus-CMR-Mobile-New","1","534","2","1","33"
"02-03-2016 22:00","optus-CMR-Mobile-New","5","390","7","5","166"
"02-03-2016 23:00","optus-CMR-Mobile-New","4","239","4","3","86"
"03-03-2016 00:00","optus-CMR-Mobile-New","5","137","5","4","122"
"03-03-2016 01:00","optus-CMR-Mobile-New","3","105","3","1","51"
"03-03-2016 02:00","optus-CMR-Mobile-New","0","43","0","0","19"
"03-03-2016 03:00","optus-CMR-Mobile-New","1","42","1","1","23"
"03-03-2016 04:00","optus-CMR-Mobile-New","1","52","1","1","8"
"03-03-2016 05:00","optus-CMR-Mobile-New","1","69","1","1","62"
"03-03-2016 06:00","optus-CMR-Mobile-New","7","161","8","6","130"
"03-03-2016 07:00","optus-CMR-Mobile-New","7","347","7","6","154"
"03-03-2016 08:00","optus-CMR-Mobile-New","21","650","25","16","463"
"03-03-2016 09:00","optus-CMR-Mobile-New","16","729","15","15","365"
"03-03-2016 10:00","optus-CMR-Mobile-New","17","889","24","16","551"
"03-03-2016 11:00","optus-CMR-Mobile-New","12","899","15","11","471"
"03-03-2016 12:00","optus-CMR-Mobile-New","5","926","12","5","286"
"03-03-2016 13:00","optus-CMR-Mobile-New","20","879","22","16","506"
"03-03-2016 14:00","optus-CMR-Mobile-New","15","881","13","10","461"
"03-03-2016 15:00","optus-CMR-Mobile-New","18","941","25","16","505"
"03-03-2016 16:00","optus-CMR-Mobile-New","17","807","23","17","534"
"03-03-2016 17:00","optus-CMR-Mobile-New","20","650","21","18","473"
"03-03-2016 18:00","optus-CMR-Mobile-New","5","624","3","2","172"
"03-03-2016 19:00","optus-CMR-Mobile-New","3","637","5","1","101"
"03-03-2016 20:00","optus-CMR-Mobile-New","2","594","9","2","168"
"03-03-2016 21:00","optus-CMR-Mobile-New","2","478","2","1","140"
"03-03-2016 22:00","optus-CMR-Mobile-New","8","308","9","8","172"
"03-03-2016 23:00","optus-CMR-Mobile-New","3","221","4","3","122"
"04-03-2016 00:00","optus-CMR-Mobile-New","1","134","0","1","85"
"04-03-2016 01:00","optus-CMR-Mobile-New","0","86","1","0","9"
"04-03-2016 02:00","optus-CMR-Mobile-New","0","59","1","0","28"
"04-03-2016 03:00","optus-CMR-Mobile-New","0","32","0","0","14"
"04-03-2016 04:00","optus-CMR-Mobile-New","2","34","3","2","19"
"04-03-2016 05:00","optus-CMR-Mobile-New","1","75","1","1","59"
"04-03-2016 06:00","optus-CMR-Mobile-New","12","160","11","8","137"
"04-03-2016 07:00","optus-CMR-Mobile-New","13","331","13","11","257"
"04-03-2016 08:00","optus-CMR-Mobile-New","22","587","22","17","508"
"04-03-2016 09:00","optus-CMR-Mobile-New","20","731","20","16","471"
"04-03-2016 10:00","optus-CMR-Mobile-New","20","793","23","19","550"
"04-03-2016 11:00","optus-CMR-Mobile-New","12","847","18","10","375"
"04-03-2016 12:00","optus-CMR-Mobile-New","10","884","10","9","434"
"04-03-2016 13:00","optus-CMR-Mobile-New","25","863","26","24","728"
"04-03-2016 14:00","optus-CMR-Mobile-New","23","628","27","17","508"
"04-03-2016 15:00","optus-CMR-Mobile-New","8","444","7","6","287"
"04-03-2016 16:00","optus-CMR-Mobile-New","11","667","13","11","417"
"04-03-2016 17:00","optus-CMR-Mobile-New","3","524","4","3","164"
"04-03-2016 18:00","optus-CMR-Mobile-New","5","486","7","4","217"
"04-03-2016 19:00","optus-CMR-Mobile-New","3","424","5","3","160"
"04-03-2016 20:00","optus-CMR-Mobile-New","4","400","5","4","192"
"04-03-2016 21:00","optus-CMR-Mobile-New","6","434","6","5","212"
"04-03-2016 22:00","optus-CMR-Mobile-New","2","293","3","2","138"
"04-03-2016 23:00","optus-CMR-Mobile-New","5","218","6","5","160"
"05-03-2016 00:00","optus-CMR-Mobile-New","0","118","0","0","30"
"05-03-2016 01:00","optus-CMR-Mobile-New","0","89","0","0","20"
"05-03-2016 02:00","optus-CMR-Mobile-New","1","51","1","1","17"
"05-03-2016 03:00","optus-CMR-Mobile-New","0","30","0","0","15"
"05-03-2016 04:00","optus-CMR-Mobile-New","0","39","0","0","22"
"05-03-2016 05:00","optus-CMR-Mobile-New","1","60","1","1","39"
"05-03-2016 06:00","optus-CMR-Mobile-New","6","104","6","4","106"
"05-03-2016 07:00","optus-CMR-Mobile-New","7","243","8","6","222"
"05-03-2016 08:00","optus-CMR-Mobile-New","8","406","8","5","181"
"05-03-2016 09:00","optus-CMR-Mobile-New","7","556","8","6","255"
"05-03-2016 10:00","optus-CMR-Mobile-New","6","628","8","6","323"
"05-03-2016 11:00","optus-CMR-Mobile-New","6","671","7","5","348"
"05-03-2016 12:00","optus-CMR-Mobile-New","7","621","10","4","336"
"05-03-2016 13:00","optus-CMR-Mobile-New","12","618","14","11","437"
"05-03-2016 14:00","optus-CMR-Mobile-New","14","610","18","11","558"
"05-03-2016 15:00","optus-CMR-Mobile-New","17","530","14","15","414"
"05-03-2016 16:00","optus-CMR-Mobile-New","16","510","16","13","383"
"05-03-2016 17:00","optus-CMR-Mobile-New","12","453","16","9","352"
"05-03-2016 18:00","optus-CMR-Mobile-New","7","372","8","6","271"
"05-03-2016 19:00","optus-CMR-Mobile-New","9","381","9","8","259"
"05-03-2016 20:00","optus-CMR-Mobile-New","18","365","19","18","326"
"05-03-2016 21:00","optus-CMR-Mobile-New","4","334","4","3","181"
"05-03-2016 22:00","optus-CMR-Mobile-New","4","268","9","4","197"
"05-03-2016 23:00","optus-CMR-Mobile-New","0","214","0","0","14"
"06-03-2016 00:00","optus-CMR-Mobile-New","0","138","2","0","9"
"06-03-2016 01:00","optus-CMR-Mobile-New","0","81","0","0","4"
"06-03-2016 02:00","optus-CMR-Mobile-New","0","56","0","0","0"
"06-03-2016 03:00","optus-CMR-Mobile-New","0","32","0","0","3"
"06-03-2016 04:00","optus-CMR-Mobile-New","0","30","0","0","1"
"06-03-2016 05:00","optus-CMR-Mobile-New","2","49","2","2","31"
"06-03-2016 06:00","optus-CMR-Mobile-New","3","84","3","2","81"
"06-03-2016 07:00","optus-CMR-Mobile-New","4","180","4","3","94"
"06-03-2016 08:00","optus-CMR-Mobile-New","0","350","0","1","7"
"06-03-2016 09:00","optus-CMR-Mobile-New","1","482","2","0","169"
"06-03-2016 10:00","optus-CMR-Mobile-New","5","483","8","4","275"
"06-03-2016 11:00","optus-CMR-Mobile-New","4","565","7","4","204"
"06-03-2016 12:00","optus-CMR-Mobile-New","7","612","10","7","321"
"06-03-2016 13:00","optus-CMR-Mobile-New","8","578","9","7","339"
"06-03-2016 14:00","optus-CMR-Mobile-New","15","562","16","13","471"
"06-03-2016 15:00","optus-CMR-Mobile-New","15","498","16","15","449"
"06-03-2016 16:00","optus-CMR-Mobile-New","16","489","17","14","440"
"06-03-2016 17:00","optus-CMR-Mobile-New","15","482","17","12","303"
"06-03-2016 18:00","optus-CMR-Mobile-New","6","447","8","5","185"
"06-03-2016 19:00","optus-CMR-Mobile-New","5","466","8","5","243"
"06-03-2016 20:00","optus-CMR-Mobile-New","11","468","9","10","289"
"06-03-2016 21:00","optus-CMR-Mobile-New","4","391","5","4","209"
"06-03-2016 22:00","optus-CMR-Mobile-New","3","257","3","2","166"
"06-03-2016 23:00","optus-CMR-Mobile-New","0","187","0","0","11"
"07-03-2016 00:00","optus-CMR-Mobile-New","1","128","1","1","23"
"07-03-2016 01:00","optus-CMR-Mobile-New","1","100","2","1","13"
"07-03-2016 02:00","optus-CMR-Mobile-New","0","46","0","0","17"
"07-03-2016 03:00","optus-CMR-Mobile-New","1","28","1","1","14"
"07-03-2016 04:00","optus-CMR-Mobile-New","1","36","0","0","15"
"07-03-2016 05:00","optus-CMR-Mobile-New","0","71","0","0","43"
"07-03-2016 06:00","optus-CMR-Mobile-New","3","147","3","2","77"
"07-03-2016 07:00","optus-CMR-Mobile-New","6","367","6","6","94"
"07-03-2016 08:00","optus-CMR-Mobile-New","11","646","12","11","431"
"07-03-2016 09:00","optus-CMR-Mobile-New","7","808","8","3","215"
"07-03-2016 10:00","optus-CMR-Mobile-New","15","940","18","13","458"
"07-03-2016 11:00","optus-CMR-Mobile-New","14","893","16","13","322"
"07-03-2016 12:00","optus-CMR-Mobile-New","20","982","24","16","618"
"07-03-2016 13:00","optus-CMR-Mobile-New","29","972","32","25","669"
"07-03-2016 14:00","optus-CMR-Mobile-New","20","967","21","15","511"
"07-03-2016 15:00","optus-CMR-Mobile-New","11","1026","14","9","415"
"07-03-2016 16:00","optus-CMR-Mobile-New","14","794","17","13","500"
"07-03-2016 17:00","optus-CMR-Mobile-New","26","683","33","25","470"
"07-03-2016 18:00","optus-CMR-Mobile-New","10","588","12","11","270"
"07-03-2016 19:00","optus-CMR-Mobile-New","4","648","2","2","36"
"07-03-2016 20:00","optus-CMR-Mobile-New","0","651","2","0","100"
"07-03-2016 21:00","optus-CMR-Mobile-New","3","562","4","3","211"
"07-03-2016 22:00","optus-CMR-Mobile-New","4","386","4","3","145"
"07-03-2016 23:00","optus-CMR-Mobile-New","2","245","3","2","108"
"08-03-2016 00:00","optus-CMR-Mobile-New","3","93","3","3","70"
"08-03-2016 01:00","optus-CMR-Mobile-New","0","85","1","0","2"
"08-03-2016 02:00","optus-CMR-Mobile-New","2","57","2","1","22"
"08-03-2016 03:00","optus-CMR-Mobile-New","1","48","1","0","18"
"08-03-2016 04:00","optus-CMR-Mobile-New","2","54","2","2","20"
"08-03-2016 05:00","optus-CMR-Mobile-New","0","77","1","0","41"
"08-03-2016 06:00","optus-CMR-Mobile-New","3","166","3","3","104"
"08-03-2016 07:00","optus-CMR-Mobile-New","5","364","5","5","73"
"08-03-2016 08:00","optus-CMR-Mobile-New","6","691","7","5","243"
"08-03-2016 09:00","optus-CMR-Mobile-New","20","829","25","16","525"
"08-03-2016 10:00","optus-CMR-Mobile-New","17","955","19","15","560"
"08-03-2016 11:00","optus-CMR-Mobile-New","8","1036","12","7","326"
"08-03-2016 12:00","optus-CMR-Mobile-New","7","1089","8","5","366"
"08-03-2016 13:00","optus-CMR-Mobile-New","23","989","28","22","617"
"08-03-2016 14:00","optus-CMR-Mobile-New","44","1026","46","42","708"
"08-03-2016 15:00","optus-CMR-Mobile-New","22","962","25","18","596"
"08-03-2016 16:00","optus-CMR-Mobile-New","28","825","29","25","581"
"08-03-2016 17:00","optus-CMR-Mobile-New","20","769","25","18","471"
"08-03-2016 18:00","optus-CMR-Mobile-New","7","609","8","7","293"
"08-03-2016 19:00","optus-CMR-Mobile-New","4","628","5","3","169"
"08-03-2016 20:00","optus-CMR-Mobile-New","1","622","4","1","52"
"08-03-2016 21:00","optus-CMR-Mobile-New","2","521","2","2","93"
"08-03-2016 22:00","optus-CMR-Mobile-New","6","379","6","6","150"
"08-03-2016 23:00","optus-CMR-Mobile-New","8","241","9","7","118"
"09-03-2016 00:00","optus-CMR-Mobile-New","2","134","3","2","107"
"09-03-2016 01:00","optus-CMR-Mobile-New","0","87","0","0","42"
"09-03-2016 02:00","optus-CMR-Mobile-New","0","53","0","0","2"
"09-03-2016 03:00","optus-CMR-Mobile-New","0","43","0","0","20"
"09-03-2016 04:00","optus-CMR-Mobile-New","1","48","1","1","18"
"09-03-2016 05:00","optus-CMR-Mobile-New","0","68","0","0","22"
"09-03-2016 06:00","optus-CMR-Mobile-New","3","149","4","3","130"
"09-03-2016 07:00","optus-CMR-Mobile-New","13","342","12","12","240"
"09-03-2016 08:00","optus-CMR-Mobile-New","18","608","20","11","496"
"09-03-2016 09:00","optus-CMR-Mobile-New","23","767","22","19","631"
"09-03-2016 10:00","optus-CMR-Mobile-New","23","903","25","19","539"
"09-03-2016 11:00","optus-CMR-Mobile-New","20","982","24","17","651"
"09-03-2016 12:00","optus-CMR-Mobile-New","28","981","32","25","675"
"09-03-2016 13:00","optus-CMR-Mobile-New","34","970","35","26","656"
"09-03-2016 14:00","optus-CMR-Mobile-New","9","950","10","9","588"
"09-03-2016 15:00","optus-CMR-Mobile-New","24","1011","27","21","620"
"09-03-2016 16:00","optus-CMR-Mobile-New","21","895","24","19","581"
"09-03-2016 17:00","optus-CMR-Mobile-New","15","673","15","14","302"
"09-03-2016 18:00","optus-CMR-Mobile-New","7","628","10","6","307"
"09-03-2016 19:00","optus-CMR-Mobile-New","6","623","8","7","201"
"09-03-2016 20:00","optus-CMR-Mobile-New","6","629","5","6","199"
"09-03-2016 21:00","optus-CMR-Mobile-New","3","583","8","2","213"
"09-03-2016 22:00","optus-CMR-Mobile-New","8","406","8","5","180"
"09-03-2016 23:00","optus-CMR-Mobile-New","3","233","3","3","125"
"10-03-2016 00:00","optus-CMR-Mobile-New","3","137","3","2","84"
"10-03-2016 01:00","optus-CMR-Mobile-New","0","90","0","0","4"
"10-03-2016 02:00","optus-CMR-Mobile-New","0","60","0","0","3"
"10-03-2016 03:00","optus-CMR-Mobile-New","0","39","1","0","1"
"10-03-2016 04:00","optus-CMR-Mobile-New","0","41","0","0","4"
"10-03-2016 05:00","optus-CMR-Mobile-New","1","79","1","1","37"
"10-03-2016 06:00","optus-CMR-Mobile-New","3","184","4","3","80"
"10-03-2016 07:00","optus-CMR-Mobile-New","8","385","9","8","185"
"10-03-2016 08:00","optus-CMR-Mobile-New","26","702","27","19","551"
"10-03-2016 09:00","optus-CMR-Mobile-New","18","809","18","16","440"
"10-03-2016 10:00","optus-CMR-Mobile-New","7","999","8","5","413"
"10-03-2016 11:00","optus-CMR-Mobile-New","18","893","18","18","473"
"10-03-2016 12:00","optus-CMR-Mobile-New","9","958","12","9","397"
"10-03-2016 13:00","optus-CMR-Mobile-New","23","1021","26","19","598"
"10-03-2016 14:00","optus-CMR-Mobile-New","12","979","14","11","394"
"10-03-2016 15:00","optus-CMR-Mobile-New","31","1013","33","28","666"
"10-03-2016 16:00","optus-CMR-Mobile-New","19","916","23","19","632"
"10-03-2016 17:00","optus-CMR-Mobile-New","10","730","13","10","320"
"10-03-2016 18:00","optus-CMR-Mobile-New","4","707","6","1","226"
"10-03-2016 19:00","optus-CMR-Mobile-New","10","646","13","9","183"
"10-03-2016 20:00","optus-CMR-Mobile-New","2","621","2","2","132"
"10-03-2016 21:00","optus-CMR-Mobile-New","2","144","3","2","75"
"10-03-2016 22:00","optus-CMR-Mobile-New","1","45","1","1","44"
"10-03-2016 23:00","optus-CMR-Mobile-New","2","67","2","2","54"
"11-03-2016 00:00","optus-CMR-Mobile-New","0","57","0","0","36"
"11-03-2016 01:00","optus-CMR-Mobile-New","0","30","0","0","16"
"11-03-2016 02:00","optus-CMR-Mobile-New","0","69","0","0","18"
"11-03-2016 03:00","optus-CMR-Mobile-New","0","49","0","0","2"
"11-03-2016 04:00","optus-CMR-Mobile-New","0","48","0","0","1"
"11-03-2016 05:00","optus-CMR-Mobile-New","1","109","2","1","50"
"11-03-2016 06:00","optus-CMR-Mobile-New","0","215","1","0","72"
"11-03-2016 07:00","optus-CMR-Mobile-New","7","444","10","7","175"
"11-03-2016 08:00","optus-CMR-Mobile-New","14","765","16","10","483"
"11-03-2016 09:00","optus-CMR-Mobile-New","18","1004","21","14","492"
"11-03-2016 10:00","optus-CMR-Mobile-New","9","1121","11","9","357"
"11-03-2016 11:00","optus-CMR-Mobile-New","19","1091","23","17","599"
"11-03-2016 12:00","optus-CMR-Mobile-New","17","1072","24","14","476"
"11-03-2016 13:00","optus-CMR-Mobile-New","21","1049","26","19","744"
"11-03-2016 14:00","optus-CMR-Mobile-New","32","999","38","28","833"
"11-03-2016 15:00","optus-CMR-Mobile-New","25","887","27","24","747"
"11-03-2016 16:00","optus-CMR-Mobile-New","31","785","32","23","643"
"11-03-2016 17:00","optus-CMR-Mobile-New","12","600","10","11","319"
"11-03-2016 18:00","optus-CMR-Mobile-New","3","578","5","3","192"
"11-03-2016 19:00","optus-CMR-Mobile-New","19","557","19","16","425"
"11-03-2016 20:00","optus-CMR-Mobile-New","15","487","12","13","398"
"11-03-2016 21:00","optus-CMR-Mobile-New","7","468","8","6","280"
"11-03-2016 22:00","optus-CMR-Mobile-New","15","343","15","14","302"
"11-03-2016 23:00","optus-CMR-Mobile-New","4","223","5","2","174"
"12-03-2016 00:00","optus-CMR-Mobile-New","3","163","3","2","115"
"12-03-2016 01:00","optus-CMR-Mobile-New","0","90","0","0","2"
"12-03-2016 02:00","optus-CMR-Mobile-New","0","56","0","0","2"
"12-03-2016 03:00","optus-CMR-Mobile-New","0","45","0","0","0"
"12-03-2016 04:00","optus-CMR-Mobile-New","0","48","1","0","4"
"12-03-2016 05:00","optus-CMR-Mobile-New","0","61","0","0","17"
"12-03-2016 06:00","optus-CMR-Mobile-New","4","136","4","3","86"
"12-03-2016 07:00","optus-CMR-Mobile-New","4","238","5","3","179"
"12-03-2016 08:00","optus-CMR-Mobile-New","5","447","4","4","98"
"12-03-2016 09:00","optus-CMR-Mobile-New","5","613","5","4","250"
"12-03-2016 10:00","optus-CMR-Mobile-New","13","635","16","11","287"
"12-03-2016 11:00","optus-CMR-Mobile-New","7","694","8","7","369"
"12-03-2016 12:00","optus-CMR-Mobile-New","16","678","16","13","353"
"12-03-2016 13:00","optus-CMR-Mobile-New","12","641","13","9","368"
"12-03-2016 14:00","optus-CMR-Mobile-New","19","679","21","16","579"
"12-03-2016 15:00","optus-CMR-Mobile-New","19","662","20","16","497"
"12-03-2016 16:00","optus-CMR-Mobile-New","17","608","19","17","412"
"12-03-2016 17:00","optus-CMR-Mobile-New","15","496","15","13","403"
"12-03-2016 18:00","optus-CMR-Mobile-New","13","377","14","10","248"
"12-03-2016 19:00","optus-CMR-Mobile-New","16","447","15","15","317"
"12-03-2016 20:00","optus-CMR-Mobile-New","3","390","6","1","252"
"12-03-2016 21:00","optus-CMR-Mobile-New","5","420","5","4","149"
"12-03-2016 22:00","optus-CMR-Mobile-New","3","334","4","2","115"
"12-03-2016 23:00","optus-CMR-Mobile-New","0","216","0","0","5"
"13-03-2016 00:00","optus-CMR-Mobile-New","0","174","1","0","30"
"13-03-2016 01:00","optus-CMR-Mobile-New","0","126","0","0","10"
"13-03-2016 02:00","optus-CMR-Mobile-New","1","58","1","1","12"
"13-03-2016 03:00","optus-CMR-Mobile-New","0","33","0","0","10"
"13-03-2016 04:00","optus-CMR-Mobile-New","0","34","0","0","16"
"13-03-2016 05:00","optus-CMR-Mobile-New","0","64","0","0","0"
"13-03-2016 06:00","optus-CMR-Mobile-New","4","132","5","4","117"
"13-03-2016 07:00","optus-CMR-Mobile-New","5","235","8","5","211"
"13-03-2016 08:00","optus-CMR-Mobile-New","4","372","5","4","157"
"13-03-2016 09:00","optus-CMR-Mobile-New","5","519","8","5","129"
"13-03-2016 10:00","optus-CMR-Mobile-New","9","575","9","9","296"
"13-03-2016 11:00","optus-CMR-Mobile-New","9","611","11","8","329"
"13-03-2016 12:00","optus-CMR-Mobile-New","11","618","11","9","341"
"13-03-2016 13:00","optus-CMR-Mobile-New","12","589","16","9","376"
"13-03-2016 14:00","optus-CMR-Mobile-New","14","600","16","12","442"
"13-03-2016 15:00","optus-CMR-Mobile-New","12","585","13","7","478"
"13-03-2016 16:00","optus-CMR-Mobile-New","17","523","20","16","412"
"13-03-2016 17:00","optus-CMR-Mobile-New","2","472","1","3","118"
"13-03-2016 18:00","optus-CMR-Mobile-New","5","518","6","5","208"
"13-03-2016 19:00","optus-CMR-Mobile-New","0","526","0","0","19"
"13-03-2016 20:00","optus-CMR-Mobile-New","6","505","6","6","223"
"13-03-2016 21:00","optus-CMR-Mobile-New","11","435","13","11","280"
"13-03-2016 22:00","optus-CMR-Mobile-New","6","315","5","5","123"
"13-03-2016 23:00","optus-CMR-Mobile-New","0","218","0","0","6"
"14-03-2016 00:00","optus-CMR-Mobile-New","0","131","0","0","34"
"14-03-2016 01:00","optus-CMR-Mobile-New","0","81","0","0","8"
"14-03-2016 02:00","optus-CMR-Mobile-New","1","59","1","1","23"
"14-03-2016 03:00","optus-CMR-Mobile-New","1","42","1","1","37"
"14-03-2016 04:00","optus-CMR-Mobile-New","2","37","2","1","36"
"14-03-2016 05:00","optus-CMR-Mobile-New","0","53","0","0","31"
"14-03-2016 06:00","optus-CMR-Mobile-New","0","153","0","0","2"
"14-03-2016 07:00","optus-CMR-Mobile-New","6","313","9","3","179"
"14-03-2016 08:00","optus-CMR-Mobile-New","4","599","4","3","96"
"14-03-2016 09:00","optus-CMR-Mobile-New","3","876","2","2","117"
"14-03-2016 10:00","optus-CMR-Mobile-New","2","1025","3","2","131"
"14-03-2016 11:00","optus-CMR-Mobile-New","0","1067","1","0","25"
"14-03-2016 12:00","optus-CMR-Mobile-New","1","1088","1","0","49"
"14-03-2016 13:00","optus-CMR-Mobile-New","3","1054","8","2","117"
"14-03-2016 14:00","optus-CMR-Mobile-New","3","1061","4","3","226"
"14-03-2016 15:00","optus-CMR-Mobile-New","6","1006","9","6","279"
"14-03-2016 16:00","optus-CMR-Mobile-New","24","878","28","18","565"
"14-03-2016 17:00","optus-CMR-Mobile-New","22","635","25","23","483"
"14-03-2016 18:00","optus-CMR-Mobile-New","11","652","13","9","294"
"14-03-2016 19:00","optus-CMR-Mobile-New","5","575","6","4","248"
"14-03-2016 20:00","optus-CMR-Mobile-New","22","636","24","21","393"
"14-03-2016 21:00","optus-CMR-Mobile-New","10","534","12","9","407"
"14-03-2016 22:00","optus-CMR-Mobile-New","5","347","9","5","313"
"14-03-2016 23:00","optus-CMR-Mobile-New","1","232","1","1","125"
"15-03-2016 00:00","optus-CMR-Mobile-New","0","144","1","0","65"
"15-03-2016 01:00","optus-CMR-Mobile-New","0","98","0","0","19"
"15-03-2016 02:00","optus-CMR-Mobile-New","0","67","0","0","11"
"15-03-2016 03:00","optus-CMR-Mobile-New","0","42","0","0","1"
"15-03-2016 04:00","optus-CMR-Mobile-New","0","42","0","0","16"
"15-03-2016 05:00","optus-CMR-Mobile-New","1","87","1","1","40"
"15-03-2016 06:00","optus-CMR-Mobile-New","3","167","3","3","85"
"15-03-2016 07:00","optus-CMR-Mobile-New","6","377","8","5","230"
"15-03-2016 08:00","optus-CMR-Mobile-New","21","625","23","17","472"
"15-03-2016 09:00","optus-CMR-Mobile-New","16","808","19","14","584"
"15-03-2016 10:00","optus-CMR-Mobile-New","20","875","21","18","629"
"15-03-2016 11:00","optus-CMR-Mobile-New","18","835","21","19","542"
"15-03-2016 12:00","optus-CMR-Mobile-New","26","985","31","22","623"
"15-03-2016 13:00","optus-CMR-Mobile-New","20","930","24","16","503"
"15-03-2016 14:00","optus-CMR-Mobile-New","33","938","31","30","681"
"15-03-2016 15:00","optus-CMR-Mobile-New","20","893","25","18","640"
"15-03-2016 16:00","optus-CMR-Mobile-New","12","813","14","11","488"
"15-03-2016 17:00","optus-CMR-Mobile-New","15","619","16","10","348"
"15-03-2016 18:00","optus-CMR-Mobile-New","4","634","2","2","134"
"15-03-2016 19:00","optus-CMR-Mobile-New","1","677","3","1","104"
"15-03-2016 20:00","optus-CMR-Mobile-New","7","599","9","5","148"
"15-03-2016 21:00","optus-CMR-Mobile-New","6","549","8","6","221"
"15-03-2016 22:00","optus-CMR-Mobile-New","6","355","7","5","182"
"15-03-2016 23:00","optus-CMR-Mobile-New","7","222","6","6","118"
"16-03-2016 00:00","optus-CMR-Mobile-New","5","148","5","5","107"
"16-03-2016 01:00","optus-CMR-Mobile-New","1","82","1","0","8"
"16-03-2016 02:00","optus-CMR-Mobile-New","0","52","0","0","31"
"16-03-2016 03:00","optus-CMR-Mobile-New","0","25","0","0","21"
"16-03-2016 04:00","optus-CMR-Mobile-New","1","38","2","1","36"
"16-03-2016 05:00","optus-CMR-Mobile-New","3","85","3","3","70"
"16-03-2016 06:00","optus-CMR-Mobile-New","7","195","7","7","176"
"16-03-2016 07:00","optus-CMR-Mobile-New","2","338","2","2","167"
"16-03-2016 08:00","optus-CMR-Mobile-New","31","638","32","29","523"
"16-03-2016 09:00","optus-CMR-Mobile-New","26","850","30","22","565"
"16-03-2016 10:00","optus-CMR-Mobile-New","29","830","30","24","692"
"16-03-2016 11:00","optus-CMR-Mobile-New","33","824","34","29","627"
"16-03-2016 12:00","optus-CMR-Mobile-New","34","771","32","27","564"
"16-03-2016 13:00","optus-CMR-Mobile-New","28","826","32","25","509"
"16-03-2016 14:00","optus-CMR-Mobile-New","37","867","39","31","691"
"16-03-2016 15:00","optus-CMR-Mobile-New","45","887","40","38","713"
"16-03-2016 16:00","optus-CMR-Mobile-New","15","767","17","14","518"
"16-03-2016 17:00","optus-CMR-Mobile-New","19","732","24","14","523"
"16-03-2016 18:00","optus-CMR-Mobile-New","16","621","18","13","353"
"16-03-2016 19:00","optus-CMR-Mobile-New","2","631","4","3","190"
"16-03-2016 20:00","optus-CMR-Mobile-New","16","611","22","13","438"
"16-03-2016 21:00","optus-CMR-Mobile-New","4","561","5","3","207"
"16-03-2016 22:00","optus-CMR-Mobile-New","10","364","12","10","161"
"16-03-2016 23:00","optus-CMR-Mobile-New","5","181","5","5","166"
"17-03-2016 00:00","optus-CMR-Mobile-New","2","121","3","2","97"
"17-03-2016 01:00","optus-CMR-Mobile-New","1","113","1","1","29"
"17-03-2016 02:00","optus-CMR-Mobile-New","0","72","0","0","39"
"17-03-2016 03:00","optus-CMR-Mobile-New","1","50","1","1","19"
"17-03-2016 04:00","optus-CMR-Mobile-New","2","65","2","2","17"
"17-03-2016 05:00","optus-CMR-Mobile-New","2","78","2","2","41"
"17-03-2016 06:00","optus-CMR-Mobile-New","11","161","11","10","141"
"17-03-2016 07:00","optus-CMR-Mobile-New","10","352","10","9","212"
"17-03-2016 08:00","optus-CMR-Mobile-New","18","621","20","15","563"
"17-03-2016 09:00","optus-CMR-Mobile-New","19","834","22","18","639"
"17-03-2016 10:00","optus-CMR-Mobile-New","32","888","34","27","609"
"17-03-2016 11:00","optus-CMR-Mobile-New","25","959","37","22","699"
"17-03-2016 12:00","optus-CMR-Mobile-New","13","1066","16","9","517"
"17-03-2016 13:00","optus-CMR-Mobile-New","26","1066","26","21","704"
"17-03-2016 14:00","optus-CMR-Mobile-New","26","993","25","25","611"
"17-03-2016 15:00","optus-CMR-Mobile-New","33","1037","37","31","717"
"17-03-2016 16:00","optus-CMR-Mobile-New","27","785","28","24","667"
"17-03-2016 17:00","optus-CMR-Mobile-New","19","621","19","16","398"
"17-03-2016 18:00","optus-CMR-Mobile-New","11","729","13","11","347"
"17-03-2016 19:00","optus-CMR-Mobile-New","7","657","6","5","281"
"17-03-2016 20:00","optus-CMR-Mobile-New","9","562","11","7","468"
"17-03-2016 21:00","optus-CMR-Mobile-New","14","512","14","9","293"
"17-03-2016 22:00","optus-CMR-Mobile-New","11","345","8","8","245"
"17-03-2016 23:00","optus-CMR-Mobile-New","5","245","6","5","126"
"18-03-2016 00:00","optus-CMR-Mobile-New","4","125","4","4","114"
"18-03-2016 01:00","optus-CMR-Mobile-New","1","70","1","1","17"
"18-03-2016 02:00","optus-CMR-Mobile-New","1","77","1","1","28"
"18-03-2016 03:00","optus-CMR-Mobile-New","1","42","1","1","10"
"18-03-2016 04:00","optus-CMR-Mobile-New","1","51","1","1","12"
"18-03-2016 05:00","optus-CMR-Mobile-New","1","82","1","0","22"
"18-03-2016 06:00","optus-CMR-Mobile-New","6","170","6","6","162"
"18-03-2016 07:00","optus-CMR-Mobile-New","10","302","10","8","241"
"18-03-2016 08:00","optus-CMR-Mobile-New","23","680","28","23","589"
"18-03-2016 09:00","optus-CMR-Mobile-New","17","942","19","14","392"
"18-03-2016 10:00","optus-CMR-Mobile-New","20","1107","24","15","570"
"18-03-2016 11:00","optus-CMR-Mobile-New","13","1060","11","13","349"
"18-03-2016 12:00","optus-CMR-Mobile-New","10","1051","14","10","480"
"18-03-2016 13:00","optus-CMR-Mobile-New","11","944","9","10","372"
"18-03-2016 14:00","optus-CMR-Mobile-New","28","934","32","25","658"
"18-03-2016 15:00","optus-CMR-Mobile-New","21","858","22","17","616"
"18-03-2016 16:00","optus-CMR-Mobile-New","26","574","25","24","495"
"18-03-2016 17:00","optus-CMR-Mobile-New","18","627","24","16","425"
"18-03-2016 18:00","optus-CMR-Mobile-New","10","542","10","10","256"
"18-03-2016 19:00","optus-CMR-Mobile-New","8","692","11","8","290"
"18-03-2016 20:00","optus-CMR-Mobile-New","18","638","21","15","330"
"18-03-2016 21:00","optus-CMR-Mobile-New","16","550","16","13","291"
"18-03-2016 22:00","optus-CMR-Mobile-New","7","390","10","8","180"
"18-03-2016 23:00","optus-CMR-Mobile-New","4","275","5","4","158"
"19-03-2016 00:00","optus-CMR-Mobile-New","8","144","8","5","128"
"19-03-2016 01:00","optus-CMR-Mobile-New","1","100","1","2","13"
"19-03-2016 02:00","optus-CMR-Mobile-New","0","64","0","0","2"
"19-03-2016 03:00","optus-CMR-Mobile-New","1","42","0","0","15"
"19-03-2016 04:00","optus-CMR-Mobile-New","0","48","0","0","13"
"19-03-2016 05:00","optus-CMR-Mobile-New","1","58","1","1","31"
"19-03-2016 06:00","optus-CMR-Mobile-New","3","146","6","3","90"
"19-03-2016 07:00","optus-CMR-Mobile-New","4","331","6","3","98"
"19-03-2016 08:00","optus-CMR-Mobile-New","0","510","0","0","15"
"19-03-2016 09:00","optus-CMR-Mobile-New","0","668","2","0","39"
"19-03-2016 10:00","optus-CMR-Mobile-New","1","716","6","1","110"
"19-03-2016 11:00","optus-CMR-Mobile-New","1","742","1","1","21"
"19-03-2016 12:00","optus-CMR-Mobile-New","0","773","0","0","26"
"19-03-2016 13:00","optus-CMR-Mobile-New","1","738","2","1","127"
"19-03-2016 14:00","optus-CMR-Mobile-New","0","774","2","0","36"
"19-03-2016 15:00","optus-CMR-Mobile-New","7","711","9","7","201"
"19-03-2016 16:00","optus-CMR-Mobile-New","10","630","10","10","359"
"19-03-2016 17:00","optus-CMR-Mobile-New","9","496","12","9","264"
"19-03-2016 18:00","optus-CMR-Mobile-New","11","533","14","10","168"
"19-03-2016 19:00","optus-CMR-Mobile-New","3","462","5","2","154"
"19-03-2016 20:00","optus-CMR-Mobile-New","10","459","11","8","202"
"19-03-2016 21:00","optus-CMR-Mobile-New","8","414","9","8","97"
"19-03-2016 22:00","optus-CMR-Mobile-New","4","391","6","4","187"
"19-03-2016 23:00","optus-CMR-Mobile-New","0","253","1","0","11"
"20-03-2016 00:00","optus-CMR-Mobile-New","0","159","2","0","44"
"20-03-2016 01:00","optus-CMR-Mobile-New","0","96","0","0","2"
"20-03-2016 02:00","optus-CMR-Mobile-New","1","61","1","1","20"
"20-03-2016 03:00","optus-CMR-Mobile-New","2","36","1","1","20"
"20-03-2016 04:00","optus-CMR-Mobile-New","0","26","0","0","9"
"20-03-2016 05:00","optus-CMR-Mobile-New","1","51","2","1","44"
"20-03-2016 06:00","optus-CMR-Mobile-New","6","104","6","6","74"
"20-03-2016 07:00","optus-CMR-Mobile-New","5","210","5","5","65"
"20-03-2016 08:00","optus-CMR-Mobile-New","0","360","0","0","13"
"20-03-2016 09:00","optus-CMR-Mobile-New","0","471","0","0","67"
"20-03-2016 10:00","optus-CMR-Mobile-New","11","565","11","11","268"
"20-03-2016 11:00","optus-CMR-Mobile-New","0","634","2","0","86"
"20-03-2016 12:00","optus-CMR-Mobile-New","1","605","1","1","155"
"20-03-2016 13:00","optus-CMR-Mobile-New","2","642","3","2","124"
"20-03-2016 14:00","optus-CMR-Mobile-New","16","674","20","16","402"
"20-03-2016 15:00","optus-CMR-Mobile-New","11","547","12","9","249"
"20-03-2016 16:00","optus-CMR-Mobile-New","13","547","13","9","369"
"20-03-2016 17:00","optus-CMR-Mobile-New","4","532","4","5","155"
"20-03-2016 18:00","optus-CMR-Mobile-New","1","600","2","1","94"
"20-03-2016 19:00","optus-CMR-Mobile-New","1","622","1","1","31"
"20-03-2016 20:00","optus-CMR-Mobile-New","2","595","2","2","38"
"20-03-2016 21:00","optus-CMR-Mobile-New","0","515","2","0","39"
"20-03-2016 22:00","optus-CMR-Mobile-New","0","366","0","0","80"
"20-03-2016 23:00","optus-CMR-Mobile-New","0","233","0","0","6"
"21-03-2016 00:00","optus-CMR-Mobile-New","0","133","0","0","40"
"21-03-2016 01:00","optus-CMR-Mobile-New","0","60","1","0","6"
"21-03-2016 02:00","optus-CMR-Mobile-New","0","41","0","0","20"
"21-03-2016 03:00","optus-CMR-Mobile-New","0","34","0","0","21"
"21-03-2016 04:00","optus-CMR-Mobile-New","0","30","0","0","12"
"21-03-2016 05:00","optus-CMR-Mobile-New","2","79","3","2","47"
"21-03-2016 06:00","optus-CMR-Mobile-New","2","131","2","1","111"
"21-03-2016 07:00","optus-CMR-Mobile-New","5","361","5","3","108"
"21-03-2016 08:00","optus-CMR-Mobile-New","12","683","14","11","400"
"21-03-2016 09:00","optus-CMR-Mobile-New","6","971","6","6","142"
"21-03-2016 10:00","optus-CMR-Mobile-New","12","1107","14","10","390"
"21-03-2016 11:00","optus-CMR-Mobile-New","6","1376","6","3","306"
"21-03-2016 12:00","optus-CMR-Mobile-New","0","1342","1","0","74"
"21-03-2016 13:00","optus-CMR-Mobile-New","7","1309","10","6","266"
"21-03-2016 14:00","optus-CMR-Mobile-New","10","1229","9","7","381"
"21-03-2016 15:00","optus-CMR-Mobile-New","8","1263","12","7","262"
"21-03-2016 16:00","optus-CMR-Mobile-New","25","1075","26","23","560"
"21-03-2016 17:00","optus-CMR-Mobile-New","16","885","16","16","363"
"21-03-2016 18:00","optus-CMR-Mobile-New","2","800","3","2","122"
"21-03-2016 19:00","optus-CMR-Mobile-New","1","819","1","0","54"
"21-03-2016 20:00","optus-CMR-Mobile-New","4","758","6","4","115"
"21-03-2016 21:00","optus-CMR-Mobile-New","2","587","4","2","155"
"21-03-2016 22:00","optus-CMR-Mobile-New","1","376","2","1","43"
"21-03-2016 23:00","optus-CMR-Mobile-New","2","268","5","1","115"
"22-03-2016 00:00","optus-CMR-Mobile-New","1","151","1","1","103"
"22-03-2016 01:00","optus-CMR-Mobile-New","0","99","0","0","2"
"22-03-2016 02:00","optus-CMR-Mobile-New","3","48","3","2","20"
"22-03-2016 03:00","optus-CMR-Mobile-New","1","51","1","2","31"
"22-03-2016 04:00","optus-CMR-Mobile-New","1","54","1","1","44"
"22-03-2016 05:00","optus-CMR-Mobile-New","3","77","3","3","70"
"22-03-2016 06:00","optus-CMR-Mobile-New","3","215","3","3","66"
"22-03-2016 07:00","optus-CMR-Mobile-New","0","472","0","0","18"
"22-03-2016 08:00","optus-CMR-Mobile-New","20","914","21","18","417"
"22-03-2016 09:00","optus-CMR-Mobile-New","11","1028","9","6","206"
"22-03-2016 10:00","optus-CMR-Mobile-New","25","1205","32","25","667"
"22-03-2016 11:00","optus-CMR-Mobile-New","22","1256","25","18","551"
"22-03-2016 12:00","optus-CMR-Mobile-New","11","1264","16","9","367"
"22-03-2016 13:00","optus-CMR-Mobile-New","21","1231","30","19","736"
"22-03-2016 14:00","optus-CMR-Mobile-New","19","1235","22","16","445"
"22-03-2016 15:00","optus-CMR-Mobile-New","14","1227","18","13","553"
"22-03-2016 16:00","optus-CMR-Mobile-New","31","953","37","30","785"
"22-03-2016 17:00","optus-CMR-Mobile-New","28","746","33","26","492"
"22-03-2016 18:00","optus-CMR-Mobile-New","13","771","17","10","328"
"22-03-2016 19:00","optus-CMR-Mobile-New","4","808","4","4","174"
"22-03-2016 20:00","optus-CMR-Mobile-New","7","755","8","7","310"
"22-03-2016 21:00","optus-CMR-Mobile-New","1","608","4","0","139"
"22-03-2016 22:00","optus-CMR-Mobile-New","4","426","5","4","186"
"22-03-2016 23:00","optus-CMR-Mobile-New","10","253","11","10","199"
"23-03-2016 00:00","optus-CMR-Mobile-New","0","152","1","0","119"
"23-03-2016 01:00","optus-CMR-Mobile-New","0","92","0","0","3"
"23-03-2016 02:00","optus-CMR-Mobile-New","0","52","0","0","19"
"23-03-2016 03:00","optus-CMR-Mobile-New","2","51","2","1","20"
"23-03-2016 04:00","optus-CMR-Mobile-New","1","49","2","1","26"
"23-03-2016 05:00","optus-CMR-Mobile-New","0","81","0","0","53"
"23-03-2016 06:00","optus-CMR-Mobile-New","5","159","6","4","145"
"23-03-2016 07:00","optus-CMR-Mobile-New","14","355","14","12","238"
"23-03-2016 08:00","optus-CMR-Mobile-New","23","681","23","23","415"
"23-03-2016 09:00","optus-CMR-Mobile-New","18","931","20","16","543"
"23-03-2016 10:00","optus-CMR-Mobile-New","27","986","26","21","613"
"23-03-2016 11:00","optus-CMR-Mobile-New","22","951","24","22","460"
"23-03-2016 12:00","optus-CMR-Mobile-New","19","1030","22","16","586"
"23-03-2016 13:00","optus-CMR-Mobile-New","19","1022","23","18","585"
"23-03-2016 14:00","optus-CMR-Mobile-New","31","977","31","25","514"
"23-03-2016 15:00","optus-CMR-Mobile-New","26","1033","28","21","597"
"23-03-2016 16:00","optus-CMR-Mobile-New","33","782","33","30","617"
"23-03-2016 17:00","optus-CMR-Mobile-New","28","632","29","23","539"
"23-03-2016 18:00","optus-CMR-Mobile-New","9","664","10","8","221"
"23-03-2016 19:00","optus-CMR-Mobile-New","6","674","9","4","184"
"23-03-2016 20:00","optus-CMR-Mobile-New","0","673","2","0","37"
"23-03-2016 21:00","optus-CMR-Mobile-New","2","624","3","2","152"
"23-03-2016 22:00","optus-CMR-Mobile-New","15","390","15","12","298"
"23-03-2016 23:00","optus-CMR-Mobile-New","9","238","10","9","207"
"24-03-2016 00:00","optus-CMR-Mobile-New","7","121","7","7","105"
"24-03-2016 01:00","optus-CMR-Mobile-New","0","73","1","0","12"
"24-03-2016 02:00","optus-CMR-Mobile-New","0","52","0","0","13"
"24-03-2016 03:00","optus-CMR-Mobile-New","0","45","0","0","7"
"24-03-2016 04:00","optus-CMR-Mobile-New","0","57","0","0","10"
"24-03-2016 05:00","optus-CMR-Mobile-New","0","106","1","0","39"
"24-03-2016 06:00","optus-CMR-Mobile-New","7","178","6","7","100"
"24-03-2016 07:00","optus-CMR-Mobile-New","6","341","7","3","150"
"24-03-2016 08:00","optus-CMR-Mobile-New","25","619","29","21","526"
"24-03-2016 09:00","optus-CMR-Mobile-New","20","743","20","19","374"
"24-03-2016 10:00","optus-CMR-Mobile-New","23","914","27","22","563"
"24-03-2016 11:00","optus-CMR-Mobile-New","19","815","23","16","582"
"24-03-2016 12:00","optus-CMR-Mobile-New","27","808","31","26","552"
"24-03-2016 13:00","optus-CMR-Mobile-New","35","883","36","27","615"
"24-03-2016 14:00","optus-CMR-Mobile-New","28","854","30","26","760"
"24-03-2016 15:00","optus-CMR-Mobile-New","27","785","26","25","694"
"24-03-2016 16:00","optus-CMR-Mobile-New","34","813","37","30","727"
"24-03-2016 17:00","optus-CMR-Mobile-New","25","682","27","19","592"
"24-03-2016 18:00","optus-CMR-Mobile-New","21","576","24","19","482"
"24-03-2016 19:00","optus-CMR-Mobile-New","9","583","10","9","303"
"24-03-2016 20:00","optus-CMR-Mobile-New","15","466","12","10","409"
"24-03-2016 21:00","optus-CMR-Mobile-New","15","435","15","15","351"
"24-03-2016 22:00","optus-CMR-Mobile-New","11","360","13","8","242"
"24-03-2016 23:00","optus-CMR-Mobile-New","11","261","10","9","188"
"25-03-2016 00:00","optus-CMR-Mobile-New","10","180","9","9","141"
"25-03-2016 01:00","optus-CMR-Mobile-New","1","98","1","1","39"
"25-03-2016 02:00","optus-CMR-Mobile-New","4","73","5","4","32"
"25-03-2016 03:00","optus-CMR-Mobile-New","1","56","1","0","22"
"25-03-2016 04:00","optus-CMR-Mobile-New","0","50","0","0","27"
"25-03-2016 05:00","optus-CMR-Mobile-New","3","46","3","3","19"
"25-03-2016 06:00","optus-CMR-Mobile-New","4","118","4","3","84"
"25-03-2016 07:00","optus-CMR-Mobile-New","5","215","5","4","83"
"25-03-2016 08:00","optus-CMR-Mobile-New","0","373","1","0","16"
"25-03-2016 09:00","optus-CMR-Mobile-New","2","545","2","2","70"
"25-03-2016 10:00","optus-CMR-Mobile-New","14","611","16","13","217"
"25-03-2016 11:00","optus-CMR-Mobile-New","14","620","18","13","419"
"25-03-2016 12:00","optus-CMR-Mobile-New","22","491","24","22","430"
"25-03-2016 13:00","optus-CMR-Mobile-New","21","525","20","19","406"
"25-03-2016 14:00","optus-CMR-Mobile-New","27","522","28","19","462"
"25-03-2016 15:00","optus-CMR-Mobile-New","18","551","18","17","479"
"25-03-2016 16:00","optus-CMR-Mobile-New","11","181","11","9","245"
"25-03-2016 17:00","optus-CMR-Mobile-New","18","424","22","17","400"
"25-03-2016 18:00","optus-CMR-Mobile-New","18","429","18","18","415"
"25-03-2016 19:00","optus-CMR-Mobile-New","12","441","14","11","376"
"25-03-2016 20:00","optus-CMR-Mobile-New","12","433","15","9","411"
"25-03-2016 21:00","optus-CMR-Mobile-New","3","245","5","5","116"
"25-03-2016 22:00","optus-CMR-Mobile-New","1","203","1","3","81"
"25-03-2016 23:00","optus-CMR-Mobile-New","0","191","1","0","32"
"26-03-2016 00:00","optus-CMR-Mobile-New","0","108","0","0","2"
"26-03-2016 01:00","optus-CMR-Mobile-New","0","91","0","0","13"
"26-03-2016 02:00","optus-CMR-Mobile-New","1","44","1","2","26"
"26-03-2016 03:00","optus-CMR-Mobile-New","1","21","2","1","9"
"26-03-2016 04:00","optus-CMR-Mobile-New","1","16","1","1","11"
"26-03-2016 05:00","optus-CMR-Mobile-New","1","38","1","1","28"
"26-03-2016 06:00","optus-CMR-Mobile-New","3","97","3","3","84"
"26-03-2016 07:00","optus-CMR-Mobile-New","7","193","8","6","171"
"26-03-2016 08:00","optus-CMR-Mobile-New","4","374","4","3","179"
"26-03-2016 09:00","optus-CMR-Mobile-New","4","489","5","2","197"
"26-03-2016 10:00","optus-CMR-Mobile-New","13","601","15","12","330"
"26-03-2016 11:00","optus-CMR-Mobile-New","9","606","8","6","335"
"26-03-2016 12:00","optus-CMR-Mobile-New","22","590","22","20","486"
"26-03-2016 13:00","optus-CMR-Mobile-New","16","543","16","14","362"
"26-03-2016 14:00","optus-CMR-Mobile-New","15","601","14","13","486"
"26-03-2016 15:00","optus-CMR-Mobile-New","30","521","31","25","435"
"26-03-2016 16:00","optus-CMR-Mobile-New","24","478","23","16","381"
"26-03-2016 17:00","optus-CMR-Mobile-New","13","435","12","10","356"
"26-03-2016 18:00","optus-CMR-Mobile-New","7","352","8","6","254"
"26-03-2016 19:00","optus-CMR-Mobile-New","16","384","19","14","323"
"26-03-2016 20:00","optus-CMR-Mobile-New","12","373","11","9","297"
"26-03-2016 21:00","optus-CMR-Mobile-New","10","330","11","8","244"
"26-03-2016 22:00","optus-CMR-Mobile-New","7","273","7","5","252"
"26-03-2016 23:00","optus-CMR-Mobile-New","3","220","3","3","118"
"27-03-2016 00:00","optus-CMR-Mobile-New","1","128","1","1","46"
"27-03-2016 01:00","optus-CMR-Mobile-New","1","44","1","1","4"
"27-03-2016 02:00","optus-CMR-Mobile-New","1","19","0","1","2"
"27-03-2016 03:00","optus-CMR-Mobile-New","1","44","1","0","19"
"27-03-2016 04:00","optus-CMR-Mobile-New","1","25","1","1","19"
"27-03-2016 05:00","optus-CMR-Mobile-New","1","23","1","1","23"
"27-03-2016 06:00","optus-CMR-Mobile-New","3","107","3","3","101"
"27-03-2016 07:00","optus-CMR-Mobile-New","6","173","6","4","122"
"27-03-2016 08:00","optus-CMR-Mobile-New","5","280","7","5","122"
"27-03-2016 09:00","optus-CMR-Mobile-New","13","410","14","11","216"
"27-03-2016 10:00","optus-CMR-Mobile-New","8","453","10","7","307"
"27-03-2016 11:00","optus-CMR-Mobile-New","9","465","10","6","395"
"27-03-2016 12:00","optus-CMR-Mobile-New","18","434","18","16","358"
"27-03-2016 13:00","optus-CMR-Mobile-New","13","461","13","10","339"
"27-03-2016 14:00","optus-CMR-Mobile-New","26","475","27","25","403"
"27-03-2016 15:00","optus-CMR-Mobile-New","18","427","17","15","393"
"27-03-2016 16:00","optus-CMR-Mobile-New","16","455","19","13","418"
"27-03-2016 17:00","optus-CMR-Mobile-New","13","388","13","10","358"
"27-03-2016 18:00","optus-CMR-Mobile-New","17","400","18","14","386"
"27-03-2016 19:00","optus-CMR-Mobile-New","17","407","21","16","326"
"27-03-2016 20:00","optus-CMR-Mobile-New","13","427","14","12","297"
"27-03-2016 21:00","optus-CMR-Mobile-New","13","395","14","13","322"
"27-03-2016 22:00","optus-CMR-Mobile-New","2","294","3","3","81"
"27-03-2016 23:00","optus-CMR-Mobile-New","4","248","4","3","119"
"28-03-2016 00:00","optus-CMR-Mobile-New","2","144","2","2","33"
"28-03-2016 01:00","optus-CMR-Mobile-New","2","82","2","1","49"
"28-03-2016 02:00","optus-CMR-Mobile-New","1","50","2","1","28"
"28-03-2016 03:00","optus-CMR-Mobile-New","1","46","1","1","24"
"28-03-2016 04:00","optus-CMR-Mobile-New","3","37","2","1","34"
"28-03-2016 05:00","optus-CMR-Mobile-New","0","49","0","0","43"
"28-03-2016 06:00","optus-CMR-Mobile-New","3","104","3","3","88"
"28-03-2016 07:00","optus-CMR-Mobile-New","9","222","9","6","174"
"28-03-2016 08:00","optus-CMR-Mobile-New","7","419","6","7","129"
"28-03-2016 09:00","optus-CMR-Mobile-New","6","613","5","5","178"
"28-03-2016 10:00","optus-CMR-Mobile-New","14","667","14","13","288"
"28-03-2016 11:00","optus-CMR-Mobile-New","0","653","0","0","27"
"28-03-2016 12:00","optus-CMR-Mobile-New","11","723","14","11","308"
"28-03-2016 13:00","optus-CMR-Mobile-New","14","685","18","13","292"
"28-03-2016 14:00","optus-CMR-Mobile-New","13","687","15","13","292"
"28-03-2016 15:00","optus-CMR-Mobile-New","16","714","19","14","376"
"28-03-2016 16:00","optus-CMR-Mobile-New","17","629","17","16","466"
"28-03-2016 17:00","optus-CMR-Mobile-New","21","551","22","16","487"
"28-03-2016 18:00","optus-CMR-Mobile-New","17","565","19","15","393"
"28-03-2016 19:00","optus-CMR-Mobile-New","13","622","15","14","383"
"28-03-2016 20:00","optus-CMR-Mobile-New","13","601","13","14","421"
"28-03-2016 21:00","optus-CMR-Mobile-New","10","522","11","9","291"
"28-03-2016 22:00","optus-CMR-Mobile-New","9","338","9","9","228"
"28-03-2016 23:00","optus-CMR-Mobile-New","1","224","2","1","135"
"29-03-2016 00:00","optus-CMR-Mobile-New","2","173","2","1","139"
"29-03-2016 01:00","optus-CMR-Mobile-New","1","84","1","1","46"
"29-03-2016 02:00","optus-CMR-Mobile-New","3","57","4","3","39"
"29-03-2016 03:00","optus-CMR-Mobile-New","0","44","0","0","35"
"29-03-2016 04:00","optus-CMR-Mobile-New","1","31","1","1","23"
"29-03-2016 05:00","optus-CMR-Mobile-New","5","67","5","4","52"
"29-03-2016 06:00","optus-CMR-Mobile-New","8","154","11","5","132"
"29-03-2016 07:00","optus-CMR-Mobile-New","4","366","3","3","47"
"29-03-2016 08:00","optus-CMR-Mobile-New","15","751","24","15","440"
"29-03-2016 09:00","optus-CMR-Mobile-New","17","824","16","16","337"
"29-03-2016 10:00","optus-CMR-Mobile-New","5","831","6","4","149"
"29-03-2016 11:00","optus-CMR-Mobile-New","9","849","12","8","273"
"29-03-2016 12:00","optus-CMR-Mobile-New","17","879","21","16","406"
"29-03-2016 13:00","optus-CMR-Mobile-New","33","936","41","29","609"
"29-03-2016 14:00","optus-CMR-Mobile-New","11","1000","12","8","225"
"29-03-2016 15:00","optus-CMR-Mobile-New","23","1223","38","21","743"
"29-03-2016 16:00","optus-CMR-Mobile-New","26","903","30","21","675"
"29-03-2016 17:00","optus-CMR-Mobile-New","15","772","16","13","420"
"29-03-2016 18:00","optus-CMR-Mobile-New","6","719","9","5","217"
"29-03-2016 19:00","optus-CMR-Mobile-New","6","722","9","4","122"
"29-03-2016 20:00","optus-CMR-Mobile-New","10","611","11","10","284"
"29-03-2016 21:00","optus-CMR-Mobile-New","8","553","14","8","226"
"29-03-2016 22:00","optus-CMR-Mobile-New","10","437","12","10","311"
"29-03-2016 23:00","optus-CMR-Mobile-New","8","233","8","6","183"
"30-03-2016 00:00","optus-CMR-Mobile-New","6","139","7","7","136"
"30-03-2016 01:00","optus-CMR-Mobile-New","2","78","1","2","55"
"30-03-2016 02:00","optus-CMR-Mobile-New","0","55","0","0","12"
"30-03-2016 03:00","optus-CMR-Mobile-New","1","43","2","0","33"
"30-03-2016 04:00","optus-CMR-Mobile-New","2","43","2","1","42"
"30-03-2016 05:00","optus-CMR-Mobile-New","2","78","2","2","65"
"30-03-2016 06:00","optus-CMR-Mobile-New","7","137","7","6","123"
"30-03-2016 07:00","optus-CMR-Mobile-New","8","386","10","6","158"
"30-03-2016 08:00","optus-CMR-Mobile-New","29","730","34","22","540"
"30-03-2016 09:00","optus-CMR-Mobile-New","17","1012","20","14","376"
"30-03-2016 10:00","optus-CMR-Mobile-New","9","1193","14","8","291"
"30-03-2016 11:00","optus-CMR-Mobile-New","28","1156","26","20","589"
"30-03-2016 12:00","optus-CMR-Mobile-New","12","1073","15","11","342"
"30-03-2016 13:00","optus-CMR-Mobile-New","6","1187","5","4","203"
"30-03-2016 14:00","optus-CMR-Mobile-New","18","1164","19","14","350"
"30-03-2016 15:00","optus-CMR-Mobile-New","14","1193","18","13","492"
"30-03-2016 16:00","optus-CMR-Mobile-New","29","1068","31","27","529"
"30-03-2016 17:00","optus-CMR-Mobile-New","20","826","21","15","457"
"30-03-2016 18:00","optus-CMR-Mobile-New","16","834","22","16","444"
"30-03-2016 19:00","optus-CMR-Mobile-New","12","780","11","8","199"
"30-03-2016 20:00","optus-CMR-Mobile-New","6","715","10","6","200"
"30-03-2016 21:00","optus-CMR-Mobile-New","9","608","18","11","238"
"30-03-2016 22:00","optus-CMR-Mobile-New","12","476","15","12","249"
"30-03-2016 23:00","optus-CMR-Mobile-New","4","281","6","4","181"
"31-03-2016 00:00","optus-CMR-Mobile-New","2","147","3","1","113"
"31-03-2016 01:00","optus-CMR-Mobile-New","1","89","1","2","29"
"31-03-2016 02:00","optus-CMR-Mobile-New","2","61","2","2","34"
"31-03-2016 03:00","optus-CMR-Mobile-New","2","59","2","1","36"
"31-03-2016 04:00","optus-CMR-Mobile-New","2","53","2","2","47"
"31-03-2016 05:00","optus-CMR-Mobile-New","2","98","2","2","82"
"31-03-2016 06:00","optus-CMR-Mobile-New","12","156","12","11","142"
"31-03-2016 07:00","optus-CMR-Mobile-New","16","425","18","13","284"
"31-03-2016 08:00","optus-CMR-Mobile-New","22","843","21","21","456"
"31-03-2016 09:00","optus-CMR-Mobile-New","10","1152","14","9","300"
"31-03-2016 10:00","optus-CMR-Mobile-New","7","1321","8","6","236"
"31-03-2016 11:00","optus-CMR-Mobile-New","34","662","40","27","521"
"31-03-2016 12:00","optus-CMR-Mobile-New","8","1256","8","8","117"
"31-03-2016 13:00","optus-CMR-Mobile-New","10","1409","13","9","299"
"31-03-2016 14:00","optus-CMR-Mobile-New","15","1297","18","15","442"
"31-03-2016 15:00","optus-CMR-Mobile-New","28","1210","32","22","507"
"31-03-2016 16:00","optus-CMR-Mobile-New","40","1134","45","36","881"
"31-03-2016 17:00","optus-CMR-Mobile-New","20","594","15","13","281"
"31-03-2016 18:00","optus-CMR-Mobile-New","4","621","2","1","42"
"31-03-2016 19:00","optus-CMR-Mobile-New","5","818","6","4","50"
"31-03-2016 20:00","optus-CMR-Mobile-New","3","733","6","0","64"
"31-03-2016 21:00","optus-CMR-Mobile-New","2","629","0","1","43"
"31-03-2016 22:00","optus-CMR-Mobile-New","0","517","1","0","31"
"31-03-2016 23:00","optus-CMR-Mobile-New","0","282","1","0","11"
